{
  "n_records": 4410,
  "summary": {
    "H4": {
      "buckets": {
        "吸籌": {
          "n": 633,
          "mean": 0.13742260192125297,
          "median": 0.08585862769921149,
          "win": 0.7203791469194313
        },
        "中性": {
          "n": 1037,
          "mean": 0.12969768720443423,
          "median": 0.06779664383795092,
          "win": 0.6894889103182257
        },
        "派發": {
          "n": 633,
          "mean": 0.1271441406551737,
          "median": 0.07349089669018438,
          "win": 0.7266982622432859
        }
      },
      "ic": 0.01995299526387842,
      "spread": 0.010278461266079258,
      "borrow_clean": 0.14338552793453394,
      "borrow_warn": 0.08047665849441966
    },
    "H8": {
      "buckets": {
        "吸籌": {
          "n": 585,
          "mean": 0.2729035758519541,
          "median": 0.17647058823529416,
          "win": 0.7863247863247863
        },
        "中性": {
          "n": 953,
          "mean": 0.25994187853646455,
          "median": 0.14622641509433953,
          "win": 0.74501573976915
        },
        "派發": {
          "n": 569,
          "mean": 0.27283665204937757,
          "median": 0.17182130584192445,
          "win": 0.789103690685413
        }
      },
      "ic": 0.010148309541326818,
      "spread": 6.692380257655728e-05,
      "borrow_clean": 0.2826382659099801,
      "borrow_warn": 0.18272960478813446
    }
  },
  "schema_version": "v1",
  "generated_at": "2026-06-24T19:47:29",
  "available": true
}